DanielDressler = DanielDressler <DanielDressler@users.sf.net>
Flovie = Flovie <Flovie@users.sf.net>
Matthias_Feil = Matthias_Feil <Matthias_Feil@users.sf.net>
abergsten = abergsten <abergsten@users.sf.net>
admin_fix = admin_fix <rieser@gmail.com>
agarwalamit = agarwalamit <agarwalamit@users.sf.net>
ahubert = ahubert <ahubert@users.sf.net>
andreas77 = andreas77 <andreashorni@hotmail.com>
artemc = artemc <chakirov@ivt.baug.ethz.ch>
balacm = balacm <balacm@users.sf.net>
balmermi = balmermi <balmermi@users.sf.net>
benkick = benkick <benkick@users.sf.net>
boescpa = boescpa <boescpa@users.sf.net>
boffo = boffo <boffo@users.sf.net>
bvitins = bvitins <bvitins@users.sf.net>
ciarif = ciarif <ciarif@users.sf.net>
dan-ro = dan-ro <daniel_roeder@web.de>
danieldressler = danieldressler <danieldressler@users.sf.net>
datyes = datyes <datyes@users.sf.net>
dhosse = dhosse <dhosse@users.sf.net>
dongxiu_ou = dongxiu_ou <dongxiu_ou@users.sf.net>
droeder = droeder <daniel_roeder@web.de>
dsantani = dsantani <dsantani@users.sf.net>
dzetterberg = dzetterberg <dzetterberg@users.sf.net>
fabrice_marchal = fabrice_marchal <fabrice_marchal@users.sf.net>
flovie = flovie <flovie@users.sf.net>
fuerbas = fuerbas <fuerbas@users.sf.net>
grether = grether <dominik.grether@gmail.com>
gthunig = gthunig <gthunig@users.sf.net>
gunfloe = gunfloe <gunnar.floetteroed@abe.kth.se>
h-becker = h-becker <h-becker@users.sf.net>
hubertkluepfel = hubertkluepfel <hubertkluepfel@yahoo.de>
jamesvaughan = jamesvaughan <jamesvaughan@users.sf.net>
jbischoff = jbischoff <bischoff@vsp.tu-berlin.de>
jeffwallendorf = jeffwallendorf <jeffwallendorf@users.sf.net>
jillenberger = jillenberger <jillenberger@users.sf.net>
jkhackney = jkhackney <jkhackney@users.sf.net>
juliakern = juliakern <juliakern@users.sf.net>
jwilk-vsp = jwilk-vsp <jwilk-vsp@users.sf.net>
jwjoubert = jwjoubert <johan.joubert@up.ac.za>
kaddoura = kaddoura <kaddoura@users.sf.net>
kirillmueller = kirillmueller <kirillmueller@users.sf.net>
komeiste = komeiste <komeiste@users.sf.net>
kt86 = kt86 <kt86@users.sf.net>
laemmel = laemmel <gregor.laemmel@gmail.com>
laram = laram <laram@users.sf.net>
lcrociani = lcrociani <lcrociani@users.sf.net>
lkroeger = lkroeger <lkroeger@users.sf.net>
m-a-t-t-h-i-a-s = m-a-t-t-h-i-a-s <m-a-t-t-h-i-a-s@users.sf.net>
manuelschneider = manuelschneider <manuelschneider@users.sf.net>
marmolea = marmolea <marmolea@users.sf.net>
matsim-sa = matsim-sa <fourie@ivt.baug.ethz.ch>
matthiasrost = matthiasrost <matthiasrost@users.sf.net>
michal-m = michal-m <michal.mac@gmail.com>
michaz = michaz <michael.zilske@gmail.com>
mkillat = mkillat <mkillat@users.sf.net>
mmoyo = mmoyo <mmoyo@users.sf.net>
mobiltum = mobiltum <mobiltum@users.sf.net>
mohammsaleem = mohammsaleem <mohammsaleem@users.sf.net>
mohit9920 = mohit9920 <mohit9920@users.sf.net>
moritzhpkt = moritzhpkt <moritzhpkt@users.sf.net>
mrieser = mrieser <rieser@gmail.com>
msieg = msieg <msieg@users.sf.net>
msimoni = msimoni <msimoni@users.sf.net>
nkuehnel = nkuehnel <nkuehnel@users.sf.net>
nmviljoen = nmviljoen <nmviljoen@users.sf.net>
oblonski = oblonski <oblonski@users.sf.net>
olthoff = olthoff <olthoff@users.sf.net>
pcbouman = pcbouman <pcbouman@users.sf.net>
pieterfourie = pieterfourie <fourie@ivt.baug.ethz.ch>
pkucirek = pkucirek <pkucirek@users.sf.net>
plarek = plarek <plarek@users.sf.net>
qiuhan = qiuhan <qiuhan@users.sf.net>
qvanheerden = qvanheerden <quintin.vh@gmail.com>
rashid_waraich = rashid_waraich <rashid_waraich@users.sf.net>
rike02 = rike02 <rike02@users.sf.net>
rschneid-btu = rschneid-btu <rschneid-btu@users.sf.net>
scherren = scherren <scherren@users.sf.net>
scnadine = scnadine <scnadine@users.sf.net>
sergio537 = sergio537 <sergio537@users.sf.net>
shoheiyamane = shoheiyamane <shoheiyamane@users.sf.net>
skull5 = skull5 <dobler@senozon.com>
smeintjes = smeintjes <smeintjes@users.sf.net>
ssix = ssix <ssix@users.sf.net>
staheale = staheale <staheale@users.sf.net>
stellaschieffer = stellaschieffer <stellaschieffer@users.sf.net>
thibautd = thibautd <thibaut.dubernet@ivt.baug.ethz.ch>
tilschlenther = tilschlenther <tilschlenther@users.sf.net>
tnicolai79 = tnicolai79 <tnicolai79@users.sf.net>
tobiqui = tobiqui <tobiqui@users.sf.net>
tonny2v = tonny2v <tonny2v@users.sf.net>
tthunig = tthunig <tthunig@vsp.tu-berlin.de>
upnpjdk = upnpjdk <upnpjdk@users.sf.net>
vbemetz = vbemetz <vbemetz@users.sf.net>
vgefeller = vgefeller <vgefeller@users.sf.net>
vsp-gleich = vsp-gleich <vsp-gleich@users.sf.net>
vsp_nagel = vsp_nagel <2008@kainagel.org>
vsp_neumann = vsp_neumann <neumann@senozon.de>
vsp_strippgen = vsp_strippgen <vsp_strippgen@users.sf.net>
wdoering = wdoering <wdoering@users.sf.net>
wisineew = wisineew <wisineew@users.sf.net>
yalver = yalver <yalver@users.sf.net>
yii-liang = yii-liang <yii-liang@users.sf.net>
yu_vsp = yu_vsp <yu_vsp@users.sf.net>
yuunakajima = yuunakajima <yuunakajima@users.sf.net>
ziemke = ziemke <ziemke@vsp.tu-berlin.de>
